name,author,url,cost
Во что верят буддисты. Страдание можно прекратить,Джаммананда Шри,https://www.labirint.ru/books/549918/,308.0
Руководство к учению Будды,Махатхера Леди Саядо,https://www.labirint.ru/books/895092/,1.744
"Будда. Жизнь, деяния и мысли великого учителя",Ольденбург Сергей Федорович,https://www.labirint.ru/books/562481/,425.0
О Буддадхамме,Саядо Вебу,https://www.labirint.ru/books/896628/,489.0
Будда,Сенкевич Александр Николаевич,https://www.labirint.ru/books/634911/,792.0
Будда. Драгоценность и украшение Вселенной,Дамаянти Джаякоди Вероника,https://www.labirint.ru/books/707326/,138.0
Будда,Сенкевич Александр Николаевич,https://www.labirint.ru/books/965634/,1.048
Раскрывая Дхарму,Анандамайтрея Махатеро,https://www.labirint.ru/books/448071/,716.0
Будда из Долпо. Жизнь и учение великого тибетского мастера Долпопы Шераба Гьялцена,Стирнс Сайрус,https://www.labirint.ru/books/938579/,1.221
Путь познания истины. Традиции буддизма в педагогике по учению Будды,,https://www.labirint.ru/books/956911/,220.0
Состояние будды без медитации. Провидческие откровения Великого совершенства Дуджома Лингпы. Том II,Лингпа Дуджом,https://www.labirint.ru/books/600025/,1.003
Путь к Нирване,Анандамайтрея Махатеро,https://www.labirint.ru/books/357059/,716.0
Будда. История и легенды,Томас Эдвард,https://www.labirint.ru/books/849941/,817.0
Слово Мастера. Живое знание,Махарадж Дэв Дас джи,https://www.labirint.ru/books/589534/,257.0
Бодхичарьяватара. Путь бодхисаттвы,Шантидева,https://www.labirint.ru/books/563377/,471.0
Семь пунктов тренировки ума,Ринпоче Шангпа,https://www.labirint.ru/books/614867/,421.0
"Найди свой путь, рассеяв тьму невежества",Ньянатилока Бхиккху,https://www.labirint.ru/books/872432/,182.0
Безмятежное сияние истины. Взгляд буддийского учителя,Лопен Цечу Ринпоче,https://www.labirint.ru/books/778451/,208.0
Будда Готама,Анандамайтрея Махатеро,https://www.labirint.ru/books/949177/,767.0
Буддийские легенды. Жизнь Будды,Ольденбург Сергей Федорович,https://www.labirint.ru/books/871068/,345.0
Пробуждение спящего будды,Ринпоче Тай Ситу,https://www.labirint.ru/books/844255/,719.0
Буддизм. Жизнь и учение Гаутамы Будды,Рис-Дэвидс Т. В.,https://www.labirint.ru/books/860004/,207.0
Нектар Освобождения,Гиалтсо Йонтен,https://www.labirint.ru/books/855574/,663.0
Практика Бодхисаттвы,Кармапа XVII,https://www.labirint.ru/books/933187/,336.0
Концепция десяти ступеней бодхисатвы в «Махавасту» (традиция махасангхиков),Жутаев Дар Игоревич,https://www.labirint.ru/books/750691/,925.0
Сердцевина дерева Бодхи. Учение Будды о пустотности,Буддхадаса Бхиккху,https://www.labirint.ru/books/794347/,785.0
Буддийский ответ на климатический кризис. Сборник,,https://www.labirint.ru/books/797697/,785.0
Каким все является. Живой подход к буддизму в современном мире,Нидал Лама Оле,https://www.labirint.ru/books/726632/,704.0
Медитация нового поколения. Руководство по счастью от буддийского монаха,Тубтен Гелонг,https://www.labirint.ru/books/1005725/,631.0
Тайный буддизм. Том 3. Глубина Алмазной колесницы,Ринпоче Калу,https://www.labirint.ru/books/635198/,597.0
Классическая буддийская философия,Ермакова Татьяна Викторовна,https://www.labirint.ru/books/875768/,965.0
"Узнавая Будду. 53 медитации, чтобы открыть в себе Будду",Ошо,https://www.labirint.ru/books/996165/,334.0
Мадджхима-никая. Наставления Будды средней длины. Часть II: Срединные пятьдесят наставлений,,https://www.labirint.ru/books/745027/,829.0
Буддизм (CDpc),Ключарева Ольга,https://www.labirint.ru/multimedia/288880/,231.0
"Узнавая Будду. 53 медитации, чтобы открыть в себе Будду",Ошо,https://www.labirint.ru/books/995367/,250.0
Беседы о дхарме,Джутла Балбир,https://www.labirint.ru/books/812140/,764.0
"Совершенный буддизм. Жизнь, достойная подражания. Том I",Ринчопе Калу,https://www.labirint.ru/books/614869/,446.0
Дзэн и искусство спасения планеты,Тит Нат Хан,https://www.labirint.ru/books/900838/,531.0
Источник амриты. Руководство по семи пунктам тренировки ума Махаяны,Таранатха Джецун,https://www.labirint.ru/books/809007/,655.0
Основы буддийской культуры. 4 класс (4-5 классы). Учебник. РИТМ. ФГОС,Китинов Баатр Учаевич,https://www.labirint.ru/books/354615/,977.0
The Buddhist on Death Row,Sheff David,https://www.labirint.ru/books/898553/,1.441
"Слово Будды. Обозрения нравственно-философской системы Будды по тексту ""сутта-питакамы"" Пали -Канона",Ньянатилока Бхиккху,https://www.labirint.ru/books/843410/,138.0
Указывая великий путь. Махамудра: этапы медитации,Браун Дэниел П.,https://www.labirint.ru/books/607024/,1.213
"Совершенный буддизм. Жизнь, достойная подражания",Ринчопе Калу,https://www.labirint.ru/books/614868/,330.0
Горная дхарма. Океан определенного смысла. Особое и окончательное сущностное наставление. Часть II,Долпопа Шераб Гьялцен,https://www.labirint.ru/books/900767/,698.0
"Светильник, озаряющий путь к освобождению",Ринпоче Дуджом,https://www.labirint.ru/books/773432/,785.0
Стадии медитации. Советы царю,Камалашила,https://www.labirint.ru/books/701707/,472.0
Рассуждения о зависимом происхождении,Махаси Саядо,https://www.labirint.ru/books/854892/,576.0
История буддизма в Индии,Таранатха Джецун,https://www.labirint.ru/books/940394/,794.0
"Тантрический буддизм. Книга 2. Махавайрочана сутра, комментарии, статьи",,https://www.labirint.ru/books/772954/,440.0
Мадджхима-никая. Наставления Будды средней длины. Часть III. Третьи пятьдесят наставлений,,https://www.labirint.ru/books/767915/,829.0
"Многогранный буддизм. Эмоции, смерть, перерождение, постижение",Ринпоче Калу,https://www.labirint.ru/books/677219/,669.0
Махавайрочана-сутра,,https://www.labirint.ru/books/929127/,1.156
Освобождающая медитация,Нидал Лама Оле,https://www.labirint.ru/books/860799/,490.0
"Больше, чем осознанность простыми словами",Гунаратана Бханте Хенепола,https://www.labirint.ru/books/816389/,864.0
Великая печать. Пространство и радость безграничны,Нидал Лама Оле,https://www.labirint.ru/books/882759/,542.0
Дзэн и просветление. Внутренний путь к свободе,Тэхэнь Кын Сыним,https://www.labirint.ru/books/588179/,196.0
Будда из Бенареса,Орехов Дмитрий Александрович,https://www.labirint.ru/books/99403/,151.0
Диалоги Дзен. На благо всех живых существ,Свами Дхарма Сумиран,https://www.labirint.ru/books/590696/,182.0
Горная дхарма. Океан определенного смысла. Особое и окончательное сущеностное наставление. Часть III,Долпопа Шераб Гьялцен,https://www.labirint.ru/books/819798/,524.0
Основы буддийской культуры. 4 класс. Учебник. ФГОС,Чимитдоржиев Владимир Лхамаевич,https://www.labirint.ru/books/923651/,969.0
"Учение, которому нельзя научиться. Когда ученик готов",Ошо Багван Шри Раджниш,https://www.labirint.ru/books/535562/,308.0
"Путь и Гора. Тибет, буддизм и традиция",Паллис Марко,https://www.labirint.ru/books/873027/,1.217
Buddhist Scriptures,,https://www.labirint.ru/books/886618/,2.421
Учебник медитации,Азими Кхваджа Шамсуддин,https://www.labirint.ru/books/971950/,331.0
История дзэн-буддизма,Дюмулен Генрих,https://www.labirint.ru/books/873924/,775.0
Логика Сердца. Путь Бодхисаттвы,Борцова Оксана,https://www.labirint.ru/books/587967/,278.0
Горная Дхарма. Часть I. Основа. Океан определенного смысла. Особое и окончательное сущностное,Долпопа Шераб Гьялцен,https://www.labirint.ru/books/827624/,524.0
Тхерагатха и Тхеригатха. Стихи старших монахов и монахинь Будды,,https://www.labirint.ru/books/931268/,655.0
Сутры дзен. Не-ум и цветы вечности,Шри Раджниш,https://www.labirint.ru/books/535474/,320.0
Гуру пьет бурбон?,Кхьенце Дзонгар Джамьянг,https://www.labirint.ru/books/630963/,785.0
Путь к безграничной мудрости. Практическое руководство по освоению джханы и випассаны,Катрин Шайла,https://www.labirint.ru/books/931269/,655.0
Воззрение жентонг в изложении Джецуна Таранатхи,Таранатха Джецун,https://www.labirint.ru/books/849826/,471.0
Жест равновесия. Концентрация и медитация,Ринпоче Тарланг Тулку,https://www.labirint.ru/books/645412/,440.0
Путь Ариев Свободных. Мудрость Поднебесной. Китай,Зафар Мир,https://www.labirint.ru/books/589472/,245.0
"Диалоги китайских мудрецов. Чань-буддийские истории об истине, безумии и радости",Маслов Алексей Александрович,https://www.labirint.ru/books/1014349/,426.0
Основы тибетского мистицизма: согласно эзотерическому учению великой мантры,Говинда Лама Анагарика,https://www.labirint.ru/books/1005563/,460.0
Медитация сатипаттхана: практическое руководство,Аналайо Бхиккху,https://www.labirint.ru/books/721712/,774.0
"Лестница, украшенная драгоценностями",Вангьял Геше,https://www.labirint.ru/books/384881/,271.0
Светоч уверенности,Конгтрул Джамген,https://www.labirint.ru/books/849240/,545.0
Открытие Алмазного пути: Тибетский буддизм встречается с Западом,Нидал Лама Оле,https://www.labirint.ru/books/782134/,542.0
Буддийские и добуддийские тексты Монголии (XIII-XIX вв.). Антология монгольской мысли,,https://www.labirint.ru/books/964346/,1.013
Мелодии Просветления. Духовная поэзия буддийских лам Тибета,,https://www.labirint.ru/books/555298/,616.0
О влиянии йогачары на махамудру,Кьябгон Тралег Ринпоче,https://www.labirint.ru/books/751426/,655.0
Метта. Медитация безусловной любви - основа випассаны,Саядо У Индака,https://www.labirint.ru/books/587102/,402.0
Посвящение и Путь освобождения,Рангдрёл Целе Нацог,https://www.labirint.ru/books/574391/,420.0
Держатель семи наставлений,Таранатха Джецун,https://www.labirint.ru/books/900763/,628.0
Осознанное счастье. Путь к гармонии с собой и миром,Ринпоче Пакчок,https://www.labirint.ru/books/798373/,822.0
О природе ниббаны. Беседы о медитации,Махаси Саядо,https://www.labirint.ru/books/854891/,454.0
Дзен - вопросы и ответы,Ваксман Дани,https://www.labirint.ru/books/351185/,235.0
Радостная мудрость. Принятие перемен и обретение свободы,Ринпоче Йонге Мингьюр,https://www.labirint.ru/books/933185/,544.0
Прямой путь к реализации. Основы внимательности,Аналайо Бхиккху,https://www.labirint.ru/books/429025/,689.0
Введение в практику внимательного наблюдения,Аналайо Бхиккху,https://www.labirint.ru/books/895091/,480.0
"Буддизм, его история и основные положения его учения. Том 2",Подгорбунский Иннокентий Александрович,https://www.labirint.ru/books/823194/,189.0
Быть полезным. Искусство жить - в вопросах и ответах,Нидал Лама Оле,https://www.labirint.ru/books/739750/,542.0
Буддийская традиция Джонанг. Монастыри и горные обители,Тубванг Тулку Акьонг Яртанг,https://www.labirint.ru/books/840278/,454.0
Наставления о Ниббане,Махатеро Леди Саядо,https://www.labirint.ru/books/937160/,663.0
Великие религии Востока,Беттани Джордж Томас,https://www.labirint.ru/books/791686/,377.0
Буддийские монахини Тайваня,Де Видо Элиза Анна,https://www.labirint.ru/books/1010791/,722.0
Как жить и как умирать,Чодрон Пема,https://www.labirint.ru/books/957650/,404.0
Подлинный человек. От сердца к сердцу,Ошо Багван Шри Раджниш,https://www.labirint.ru/books/589820/,308.0
"Ум, устраняющий границы. Радикально практическая психология буддизма",Олендзки Эндрю,https://www.labirint.ru/books/720606/,655.0
"Англо-русский словарь по буддизму, индуизму и смежным понятиям",Матвеев Сергей Александрович,https://www.labirint.ru/books/681816/,402.0
Глубокий Внутренний Смысл III Кармапы Рангуджанга,,https://www.labirint.ru/books/851613/,1.132
Дзен в вопросах и ответах,Свами Дхарма Сумиран,https://www.labirint.ru/books/567682/,176.0
Глубокий внутренний смысл,Третий Карпмана Ранджунг Дордже,https://www.labirint.ru/books/912962/,1.132
The Wise Heart. Buddhist Psychology for the West,Kornfield Jack,https://www.labirint.ru/books/892587/,3.74
Маленькие Будды… а также их родители! Буддийские секреты воспитания детей,Клэридж Сиэл,https://www.labirint.ru/books/492022/,495.0
Доверься внутреннему учителю,Риттинер Ремо,https://www.labirint.ru/books/532871/,436.0
Сиддхартха Таро,Бруно Летиция,https://www.labirint.ru/books/878658/,1.706
Awaken. A Tibetan Buddhist Journey Toward Enlightenment,Rice John Henry,https://www.labirint.ru/books/930606/,4.576
Собрание сочинений. Том 2,Дилго Кхьенце Ринпоче,https://www.labirint.ru/books/918206/,968.0
Книга о смерти и перерождении. Как обрести бесстрашие и свободу с помощью мудрости Будды,Нидал Лама Оле,https://www.labirint.ru/books/907104/,542.0
Нирвана. Буддийское сказание,,https://www.labirint.ru/books/689414/,83.0
"Гуру и ученик. Встречи с Шри Джнянанандой, мудрецом из страны тамилов",Абхишиктананда Свами,https://www.labirint.ru/books/361357/,287.0
Доброосознанность,Брахм Аджан,https://www.labirint.ru/books/788769/,524.0
О различении сознания и изначального осознавания. О сущности татхаганы,Третий Карпмана Ранджунг Дордже,https://www.labirint.ru/books/722510/,568.0
Озарение изначальной мудростью,,https://www.labirint.ru/books/532870/,524.0
Нирвана - последний кошмар,Раджниш Шри,https://www.labirint.ru/books/631028/,276.0
Дверь не заперта,Линь Пань,https://www.labirint.ru/books/883364/,623.0
Медитация Ошо (DVD),,https://www.labirint.ru/multimedia/131676/,151.0
Четыре основы внимательности простыми словами,Гунаратана Бханте Хенепола,https://www.labirint.ru/books/573468/,738.0
Тихая лесная заводь. Медитация прозрения от Аджана Чаа,Чаа Аджан,https://www.labirint.ru/books/693452/,655.0
"Буддизм, его история и основные положения его учения. Том 1. Очерк истории буддизма",Подгорбунский Иннокентий Александрович,https://www.labirint.ru/books/823193/,251.0
Свободное падение. Дхамма встречи с неблагоприятным,Аджан Брахм,https://www.labirint.ru/books/844254/,576.0
Обнаженное осознавание. Практические наставления по объединению махамудры и дзогчен,Чагме Карма,https://www.labirint.ru/books/429024/,872.0
Нама-Йога. Дасбодх. Избранные главы,Бхаусахеб Махарадж,https://www.labirint.ru/books/900764/,436.0
"Ум за пределами смерти. Учения о шести бардо в жизни, смерти и за их пределами",Понлоп Дзогчен,https://www.labirint.ru/books/841865/,916.0
Как медитировать. Подружитесь со своим умом. Практическое руководство,Чодрон Пема,https://www.labirint.ru/books/737880/,864.0
"Веря в невозможное перед завтраком. Звук тишины, алмаз в лотосе",Ошо Багван Шри Раджниш,https://www.labirint.ru/books/756248/,509.0
Искусство Самопознания. Йога и веданта в учении Свами Джьотирмайянанды,Свами Джьотирмайянанда,https://www.labirint.ru/books/586383/,345.0
Учение Востока о проблеме бессмертия и смерти,,https://www.labirint.ru/books/985344/,278.0
"Светильник, озаряющий и ясно устанавливающий свойства медитации предварительных практик",Гьямцо Бамда Тубтен Гелег,https://www.labirint.ru/books/827625/,611.0
Освоение ума. Общая основа науки и духовности,Уоллес Ален Б.,https://www.labirint.ru/books/835918/,803.0
В лунном свете. Сказки для медитирующих,Сэк Джон Ричард,https://www.labirint.ru/books/975837/,282.0
Дух дзен-буддизма,Уотс Алан,https://www.labirint.ru/books/848972/,482.0
Свет Азии или Великое Отречение,Арнольд Эдвин,https://www.labirint.ru/books/766586/,264.0
Возвращение Будды,Газданов Гайто Иванович,https://www.labirint.ru/books/641219/,432.0
Внимательность. Практическое руководство по пробуждению,Голдстейн Джозеф,https://www.labirint.ru/books/743273/,994.0
Дзен буддизм. Правильная практика,Шунрью Сузуки,https://www.labirint.ru/books/599064/,
Мудрость мастеров Дзен. Будды среди нас (Сборник),,https://www.labirint.ru/books/589798/,
Библия буддиста. Мудрость буддийских мастеров,Далай-Лама,https://www.labirint.ru/books/602541/,
Как жить без страха и тревоги,Дхаммананда Шри,https://www.labirint.ru/books/588535/,
Подлинный ум. Природа реальности,Тит Нат Хан,https://www.labirint.ru/books/532472/,
Гнев. Счастье внутренней тишины,Тик Нат Хан,https://www.labirint.ru/books/616712/,
Медитации на любовь. Настоящее мгновение прекрасно,Тит Нат Хан,https://www.labirint.ru/books/587970/,
"Ни смерти, ни страха. Ответы из глубины сердца",Тит Нат Хан,https://www.labirint.ru/books/588595/,
Сила ума. Как жить легко и просто,Дхаммананда Шри,https://www.labirint.ru/books/533717/,
Сиддхартха. Жизнь и учение Гаутамы Будды,Тит Нат Хан,https://www.labirint.ru/books/533712/,728.0
Энергия молитвы. Древние учения в современном мире,Тит Нат Хан,https://www.labirint.ru/books/586973/,
"Ум Будды, тело Будды. Спокойствие Бытия",Тит Нат Хан,https://www.labirint.ru/books/535553/,301.0
"Ум в равновесии. Медитация в науке, буддизме и христианстве",Уоллес Алан Б.,https://www.labirint.ru/books/879605/,1.189
"Буддизм. Один учитель, много традиций",Далай-Лама,https://www.labirint.ru/books/679323/,
Буддийские мастера-маги. Легенды о махасиддхах,Абхаядатта,https://www.labirint.ru/books/718374/,
Введение в буддизм,Торчинов Евгений Алексеевич,https://www.labirint.ru/books/838802/,
Кто такой Будда?,Сангхаракшита,https://www.labirint.ru/books/330268/,
Книга Будды,,https://www.labirint.ru/books/750594/,
Жизнь Будды,,https://www.labirint.ru/books/287557/,
"Будда, его жизнь и учение",Пишель Рихард,https://www.labirint.ru/books/588138/,509.0
Буддизм и дзэн. Путь к себе: реальность дзадзэн. Путь с сердцем,Сэндзаки Негэна,https://www.labirint.ru/books/133547/,
Великие ученики Будды,Теро Ньянапоника,https://www.labirint.ru/books/523069/,2.267
Буддизм. Коды матрицы просветления,Матвеев Сергей Александрович,https://www.labirint.ru/books/1006568/,
Буддийская мудрость. Притчи и цитаты великих мастеров всех традиций,Леонтьева Елена,https://www.labirint.ru/books/669614/,
Буддийские медитации. Тексты практик и руководств,Лама Еше,https://www.labirint.ru/books/761202/,
Буддизм и человек,Тхить Ньы Дьен,https://www.labirint.ru/books/567614/,
CDmp3. Жизнь и учение Будды,Буланже Павел Александрович,https://www.labirint.ru/multimedia/266882/,
Мысли буддиста,Дандарон Бидия Дандарович,https://www.labirint.ru/books/781656/,945.0
Медитация прозрения,Буддхадаса Бхиккху,https://www.labirint.ru/books/544816/,
Путь бодхисаттвы (Бодхичарья-аватара),Шантидева,https://www.labirint.ru/books/854480/,
Будда и менеджер. Встреча с дальневосточной мудростью,Шванфельдер Вернер,https://www.labirint.ru/books/473741/,
Приближаясь к буддийскому пути,Далай-Лама,https://www.labirint.ru/books/770994/,
Золотые правила Будды,Бульба Евгений Викторович,https://www.labirint.ru/books/552095/,
Золотые правила Будды. Мудрость в заповедях и наставлениях,,https://www.labirint.ru/books/588500/,
Путь Будды. Словарь,Торчинов Евгений Алексеевич,https://www.labirint.ru/books/821377/,
Буддизм. Традиции. Основы. Идеология,Смит Джо Дурден,https://www.labirint.ru/books/588139/,489.0
Сутры эзотерического буддизма,,https://www.labirint.ru/books/756721/,2.291
Углубленный буддизм: от Хинаяны к Ваджраяне,Ринпоче Калу,https://www.labirint.ru/books/621460/,
Путь в Шамбалу. Собрание учений мастеров традиции Джонанг,Таранатха Джецун,https://www.labirint.ru/books/812720/,
Мадджхима-никая. Часть I. Наставления Будды средней длины,,https://www.labirint.ru/books/725292/,
Введение в буддизм,Торчинов Е. А.,https://www.labirint.ru/books/967931/,
Введение в буддизм. Путь ученика,Торчинов Евгений Алексеевич,https://www.labirint.ru/books/865501/,
Жизнь и смерть с точки зрения буддизма,Тхить Ньы Дьен,https://www.labirint.ru/books/618238/,
Путь ученика. Введение в буддизм,Торчинов Евгений Алексеевич,https://www.labirint.ru/books/649241/,
The Little Book Of Buddhism,Dalai Lama,https://www.labirint.ru/books/721249/,1.502
Углубленный буддизм: от Хинаяны к Ваджраяне,Ринпоче Калу,https://www.labirint.ru/books/621459/,1.324
Путь ученика. Введение в буддизм,Торчинов Евгений Алексеевич,https://www.labirint.ru/books/637745/,
Буддийская община глазами наставника Догэна,Бабкова Майя Владимировна,https://www.labirint.ru/books/755733/,
Практика Дхаммы,Десаранси Пхра Аджан Тхэт,https://www.labirint.ru/books/764286/,1.431
На пути Дзэн. Как практиковать Дзадзэн,Эйткин Роберт,https://www.labirint.ru/books/99526/,569.0
Психология буддизма. Четвертое колесо дхармы,Козлов Владимир Васильевич,https://www.labirint.ru/books/651950/,
Будда в тюрьме. Записки тюремного капеллана,Кыонг Лы,https://www.labirint.ru/books/722572/,854.0
Путеводитель по буддизму. Иллюстрированная энциклопедия,Леонтьева Елена,https://www.labirint.ru/books/348078/,
Книга Будды. Антология традиционных буддистских текстов,,https://www.labirint.ru/books/859255/,
Индуизм и буддизм. Альманах,Фусу Лариса Ивановна,https://www.labirint.ru/books/75904/,
Основы буддизма,,https://www.labirint.ru/books/1012331/,
Евангелие Будды в свете истины,Печенкин Александр Иванович,https://www.labirint.ru/books/235994/,
Притчи буддизма. Комментарии. Дзен и Нирвана,Шри Раджниш,https://www.labirint.ru/books/532490/,
Искусство исчезать. Путь Будды к вечной радости,Брахм Аджан,https://www.labirint.ru/books/787978/,1.438
"Будда. Его жизнь, учение и община",Ольденберг Герман,https://www.labirint.ru/books/873694/,690.0
Ученик гималайского мастера,М Шри,https://www.labirint.ru/books/1007192/,999.0
Медитация. С чего начать,Ринпоче Бокар,https://www.labirint.ru/books/641627/,
Путеводитель по буддизму. Иллюстрированная энциклопедия,Леонтьева Елена,https://www.labirint.ru/books/683673/,
Священные тексты религий мира. Трипитака и другие тексты буддизма,,https://www.labirint.ru/books/840172/,
Алмазная сутра. Что говорил Будда,Ошо Багван Шри Раджниш,https://www.labirint.ru/books/755019/,2.182
Практический буддизм. Простые шаги к глубокому опыту,Ринпоче Калу,https://www.labirint.ru/books/696995/,
Введение в буддизм,Торчинов Евгений Алексеевич,https://www.labirint.ru/books/759004/,
Практический буддизм. Простые шаги к глубокому опыту,Ринпоче Калу,https://www.labirint.ru/books/696996/,
"Будда, мозг и нейрофизиология счастья. Как изменить жизнь к лучшему. Практическое руководство",Ринпоче Йонге Мингьюр,https://www.labirint.ru/books/882761/,1.125
Осознанное дыхание,Махатеро Леди Саядо,https://www.labirint.ru/books/701706/,733.0
Медитация. С чего начать,Ринпоче Бокар,https://www.labirint.ru/books/849241/,798.0
"Тибетский буддизм. Относительный мир, абсолютный ум",Ситупа Тай XII,https://www.labirint.ru/books/539066/,
Сердце медитации. Постижение глубинного осознания,Далай-Лама,https://www.labirint.ru/books/699714/,
Индия Будды. Иллюстрированный путеводитель по историческим местам. История буддизма,Ерохин Борис Романович,https://www.labirint.ru/books/1008316/,2.105
Навстречу миру,Ринпоче Мингьюр,https://www.labirint.ru/books/955733/,935.0
Меч Будды,Сачдева Гаутам,https://www.labirint.ru/books/532447/,
Словами Будды. Собрание бесед из Палийского канона,Бодхи Бхиккху,https://www.labirint.ru/books/750679/,
"Смеющийся Будда. Смех, пробуждение, свобода",Неаполитанский Максимилиан,https://www.labirint.ru/books/725544/,251.0
"Многогранный буддизм. Эмоции, смерть, перерождение, постижение",Ринпоче Калу,https://www.labirint.ru/books/677220/,
Буддийская медитация,Конзе Эдвард,https://www.labirint.ru/books/576173/,331.0
Горная дхарма. Океан определенного смысла; особое и окончательное сущностное наставление,Гьялцен Долпола Шераб,https://www.labirint.ru/books/338678/,
Буддизм в русской литературе конца XIX – начала XX века. Идеи и реминисценции,Бернюкевич Татьяна Владимировна,https://www.labirint.ru/books/708664/,890.0
Слово Мастера. Как научиться жить в гармонии с самим собой и миром,Махарадж Дэв Дас джи,https://www.labirint.ru/books/590265/,
Буддизм жжет! Ну вот же ясный путь к счастью! Нейропсихология медитации и просветления,Райт Роберт,https://www.labirint.ru/books/668296/,
Тайный буддизм. Том 3. Глубина Алмазной колесницы,Ринпоче Калу,https://www.labirint.ru/books/635197/,
Собрание философ-поэтич произв Шри Раманы Махарши,,https://www.labirint.ru/books/918205/,
Ретрит. Наставления тибетских отшельников,Лингпа Ригидзин Джигме,https://www.labirint.ru/books/671326/,831.0
Пища Бодхисаттв,Шабкар Цогдрук Рангдрол,https://www.labirint.ru/books/228395/,
101 история дзен. Притчи дзен-буддизма,,https://www.labirint.ru/books/834629/,251.0
Путь Будды. Словарь,Торчинов Евгений Алексеевич,https://www.labirint.ru/books/611671/,
Тантрический буддизм. Книга 3. Сборник сутр и тракт,Ходж Стефен,https://www.labirint.ru/books/529114/,
Абсолютное и относительное в буддизме,,https://www.labirint.ru/books/338677/,
Искусство для просветления (DVD),Диккерт Григорий,https://www.labirint.ru/multimedia/323315/,
Восемь внимательных шагов к счастью. Следуя по стопам Будды,Гунаратана Бханте Хенепола,https://www.labirint.ru/books/580863/,1.239
"Энциклопедия буддизма. Иконография, священные символы, основные концепции и идеи различных школ",,https://www.labirint.ru/books/549934/,1.379
Абсолютное и относительное в буддизме,Васубандху,https://www.labirint.ru/books/812719/,803.0
Основы буддийской культуры. Методическое пособие. ФГОС,Емельянова Татьяна Валентиновна,https://www.labirint.ru/books/447464/,550.0
Беседы с просветленным Мастером. Книга 1. Знание в ореховой скорлупке,Шри Шри Рави Шанкар,https://www.labirint.ru/books/723750/,
Навстречу миру,Ринпоче Йонге Мингьюр,https://www.labirint.ru/books/694482/,
Путь ученика. Введение в буддизм,Торчинов Евгений Алексеевич,https://www.labirint.ru/books/821379/,
Как стать Бодхисаттвой. Быстрый путь выхода из страданий и продвижения к счастью,Айссель Селим,https://www.labirint.ru/books/950475/,
Введение в буддологию,Торчинов Евгений Алексеевич,https://www.labirint.ru/books/491888/,
Буддийское учение о пустоте. Введение в Мадхьямику,Чандракирти,https://www.labirint.ru/books/705411/,1.822
Религия Бирмы. Мудрость ариев,Беннет Алан,https://www.labirint.ru/books/774364/,
Оранжевая книга. Медитации просветленного мастера,Шри Раджниш,https://www.labirint.ru/books/532459/,289.0
Гималайские йоги и их секреты. Буддийское сказание,Махешварананда Парамханс Свами,https://www.labirint.ru/books/857000/,
Семь пунктов Тренировки ума. Практические инструкции на пути к пробуждению,Ринпоче Шангпа,https://www.labirint.ru/books/882756/,
"Пустота - это радость, или Буддийская философия с прищуром третьего глаза",Пшибыславски Антон,https://www.labirint.ru/books/511238/,
Дхаммапада,,https://www.labirint.ru/books/536966/,
Сандаловый Будда раджи Удаяны (на русском и английском языках),Терентьев Андрей Анатольевич,https://www.labirint.ru/books/761211/,
"Будда, мозг и нейрофизиология счастья. Как изменить жизнь к лучшему. Практическое руководство",Ринпоче Йонге Мингьюр,https://www.labirint.ru/books/463657/,
Брахмавихара-Дхамма,Махаси Саядо,https://www.labirint.ru/books/804024/,1.36
Гуру,Шри Шри Рави Шанкар,https://www.labirint.ru/books/935492/,975.0
Далай-лама о главном,Уэда Нориюки,https://www.labirint.ru/books/454555/,
Зеркало ученика,Ломборг Биргит,https://www.labirint.ru/books/590702/,
Философия китайского буддизма,,https://www.labirint.ru/books/540072/,
Джханы в тхеравадинской буддийской традиционной медитации,Гунаратана Бханте Хенепола,https://www.labirint.ru/books/740443/,836.0
Реальный буддизм для новичков. Основы буддизма: ясные ответы на трудные вопросы,Рашета Ноа,https://www.labirint.ru/books/825158/,
Внутренние практики в буддизме и даосизме. Секретные методы,Богачихин Май Михайлович,https://www.labirint.ru/books/333184/,559.0
Спокойствие в неопределённости. 108 учений о развитии бесстрашия и сострадания,Чодрон Пема,https://www.labirint.ru/books/734564/,1.31
Будодхарма. Путь Самурая,Кайсен Сандо,https://www.labirint.ru/books/824437/,890.0
Беседы с просветленным мастером. Книга 2. Пунарнава. Возрождение и обновление,Шри Шри Рави Шанкар,https://www.labirint.ru/books/724916/,
Путь бодхисатвы. Бодхичарья-аватара,Шантидева,https://www.labirint.ru/books/451583/,
Уроки Дзэн. Искусство управления,,https://www.labirint.ru/books/337317/,348.0
Великий путь пробуждения. Комментарий к поучениям Махаяны,Первый Джамгён Конгтрул Лодрё Тхае,https://www.labirint.ru/books/469707/,
Буддизм глазами физика,Александров Сергей Юрьевич,https://www.labirint.ru/books/728630/,
Наука Дзен - ум Дзен,Судзуки Дайсэцу Тэйтаро,https://www.labirint.ru/books/555412/,
Ранний буддизм. Религия и философия. Учебное пособие,Лысенко Виктория Георгиевна,https://www.labirint.ru/books/882218/,
Эзотерический буддизм,Синнет Альфред Перси,https://www.labirint.ru/books/585282/,
Махавайрочана-сутра. Сутра великого Вайрочаны о становлении Буддой,,https://www.labirint.ru/books/830261/,
Сокровищница Татхагаты. Буддийские сутры в русских переводах,Поповцев Дмитрий Валентинович,https://www.labirint.ru/books/466928/,
Философия китайского буддизма,Торчинов Евгений Алексеевич,https://www.labirint.ru/books/954831/,
Как жить в мире перемен. Три совета Будды для современной жизни,Чодрон Пема,https://www.labirint.ru/books/713465/,
Как медитировать,Далай-Лама,https://www.labirint.ru/books/621963/,
Просветленные Матрицы. Тантрический Буддизм глазами западного мага,Энмеркар,https://www.labirint.ru/books/831302/,2.572
"Осознанность, блаженство и за их пределами. Руководство для практикующих медитацию",Аджан Брахм,https://www.labirint.ru/books/430376/,
Трактат о всеохватывающей сети воззрений. Брахмаджалла-сутта и комментарии к ней,Бодхи Бхиккху,https://www.labirint.ru/books/614185/,1.535
Открытие Алмазного пути. Тибетский буддизм встречается с Западом,Нидал Лама Оле,https://www.labirint.ru/books/451018/,640.0
Введение в буддизм. Опыт запредельного,Торчинов Евгений Алексеевич,https://www.labirint.ru/books/914116/,
"Мозг Будды. Нейропсихология счастья, любви и мудрости",Хансон Рик,https://www.labirint.ru/books/640426/,
Три столпа дзэн,Капло Роси,https://www.labirint.ru/books/666784/,
Блистательное величие. Истории из жизни великих мастеров медитации старого Тибета,Ринпоче Тулку Ургьен,https://www.labirint.ru/books/715287/,
"Тантрический буддизм. Книга 4. Сутры махавайрочаны, рисюкё, сосицудзи-кё",,https://www.labirint.ru/books/716040/,
Руководство по практике прозрения,Махаси Саядо,https://www.labirint.ru/books/685379/,
Будда и Бунтарь. Тайное искусство успешных людей,Лакьяни Вишен,https://www.labirint.ru/books/774645/,
Тантрический буддизм. Книга 1. Тантризм в Китае,Илян Чжоу,https://www.labirint.ru/books/529113/,
"Телескоп мудрости. Краткий подстрочный комментарий к ""Письму другу"" великого мастера Нагарджуны",Тринле Карма Ринпоче,https://www.labirint.ru/books/323292/,
Беседы с Буддой,Дункан Оливер Джоан,https://www.labirint.ru/books/913813/,
Буддийские притчи. Пять жизней на пути свободы,Леонтьева Елена,https://www.labirint.ru/books/567787/,
The Dhammapada,,https://www.labirint.ru/books/965533/,1.705
7 практик осознанного лидера или Бизнес в стиле дзен,Лессер Марк,https://www.labirint.ru/books/737813/,
Введение в буддизм,Торчинов Евгений Алексеевич,https://www.labirint.ru/books/914613/,318.0
"История буддизма в эпохи Хань, Вэй, двух Цзинь, Южных и Северных Династий. Том 1",Чжан Сюэсун,https://www.labirint.ru/books/616758/,
Мысли без мыслящего,Эпштейн Марк,https://www.labirint.ru/books/207742/,398.0
How to Read Buddhist Art,Behrendt Kurt,https://www.labirint.ru/books/930599/,5.251
"Внутренняя безмятежность. 48 преданий от дзен-буддийского монаха для тех, кто хочет обрести душ. рав",Масуно Шунмио,https://www.labirint.ru/books/901377/,890.0
"Печаль, любовь, открытость",Ринпоче Чокьи Ньима,https://www.labirint.ru/books/926442/,587.0
"Взгляд, медитация и действие. Три колонны буддийской практики",Нидал Ханна,https://www.labirint.ru/books/849242/,429.0
Кодекс Мастера. Руководство по практике йоги,Садгуру Свами Вишну Дэв,https://www.labirint.ru/books/587965/,608.0
Буддийские притчи. Пять жизней на пути свободы,Леонтьева Елена,https://www.labirint.ru/books/568058/,
Зеркало ученика,Ломборг Биргит,https://www.labirint.ru/books/588499/,
Беззаботное достоинство. Учение о природе ума,Ринпоче Цокньи,https://www.labirint.ru/books/333255/,
Светоч уверенности,Конгтрул Джамген,https://www.labirint.ru/books/590985/,
"Мозг Будды: нейропсихология счастья, любви и мудрости (#экопокет)",Мендиус Ричард,https://www.labirint.ru/books/706733/,
Восточный путь к счастливой жизни. Мудрость выбора,Роуч Майкл,https://www.labirint.ru/books/873393/,
Вселенский вызов,Дордже Сонам,https://www.labirint.ru/books/759319/,
Злятся ли буддийские монахи. Помогающая книга по работе с эмоциями через психологию и творчество,Жевлаков Филипп Григорьевич,https://www.labirint.ru/books/1011863/,1.67
"Далай-лама XIV. Творящая доброта, ясность света сознания и проникновенное понимание сути",Далай-Лама XIV,https://www.labirint.ru/books/728634/,
Бардо Тхёдол. Тибетская книга мертвых.,Тхедол Бардо,https://www.labirint.ru/books/670393/,
Путь веры. Буддизм в переводах,Торчинов Евгений Алексеевич,https://www.labirint.ru/books/822680/,
Лунное сияние махамудры. Наставления для практикующих,Кьябгон Тралег Ринпоче,https://www.labirint.ru/books/830982/,
Исцеляющая сила медитации,Кабат-Зинн Джон,https://www.labirint.ru/books/935195/,1.482
Эзотерический буддизм,Синнет Альфред Перси,https://www.labirint.ru/books/680658/,439.0
"Буддийские мифы. Космология, легенды и притчи",,https://www.labirint.ru/books/989408/,2.576
Тхерагатха и Тхеригатха. Стихи старших монахов и монахинь Будды,,https://www.labirint.ru/books/834382/,
Алмазный Огранщик. Система управления бизнесом и жизнью,Роуч Майкл,https://www.labirint.ru/books/822084/,
Радикальное спокойствие. Созерцательные практики для глубинного благополучия,Лобсанг Тенпа,https://www.labirint.ru/books/837929/,
Освобождение на вашей ладони. В 2-х томах,Пабонка Ринпоче,https://www.labirint.ru/books/686188/,
Притчи народов мира: Буддийские притчи (CDmp3),,https://www.labirint.ru/multimedia/232086/,
Учение чань и дзэн. Ввод в учение,Лу Куань Юй,https://www.labirint.ru/books/686194/,
Мудрость Срединного пути. Муламадхьямака-карика,Нагарджуна Арья,https://www.labirint.ru/books/964487/,
"Безмолвие ума. Учение о созерцательном покое, из сокровища ума Дуджома Лингпы ""Суть ваджры""",Уоллес Ален Б.,https://www.labirint.ru/books/486196/,1.431
Драгоценная Сокровищница Дхармадхату. Гимн пробужденного ума,Лонгчен Рабджам,https://www.labirint.ru/books/610668/,1.57
Покаяние перед Тридцатью пятью буддами. Сборник,Лама Сопа,https://www.labirint.ru/books/761201/,
"Великие философы. Будда, Конфуций, Лао-цзы, Нагарджуна",Ясперс Карл,https://www.labirint.ru/books/882228/,
О буддизме и буддистах. Статьи разных лет. 1969-2011,Жуковская Наталия Львовна,https://www.labirint.ru/books/386382/,1.079
"Больше, чем кто-либо может сделать. Разговоры дзен",Латхауэрс Тон,https://www.labirint.ru/books/458116/,413.0
Тибетская книга мертвых. Предисловие Далай-ламы и Лобсанга Тенпы,Турман Роберт,https://www.labirint.ru/books/764513/,
Слова моего несравненного Учителя,Патрул Ринпоче,https://www.labirint.ru/books/761205/,
Дзэн - лёгкость бытия. Смерть эго - это жизнь в любви,Ошо Багван Шри Раджниш,https://www.labirint.ru/books/588178/,
Алмазный Огранщик. Все грани вашего бизнеса и жизни,Роуч Майкл,https://www.labirint.ru/books/874959/,
Подарок тишины,Шри Шри Рави Шанкар,https://www.labirint.ru/books/780578/,
Буддизм в России - царской и советской (старые фотографии),Терентьев Андрей Анатольевич,https://www.labirint.ru/books/761210/,
Исчерпывающее руководство по Абхидхамме,Ануруддха А.,https://www.labirint.ru/books/617380/,2.006
Алмазный Огранщик. Система управления бизнесом и жизнью,Роуч Майкл,https://www.labirint.ru/books/830552/,
Лук Будды,Таск Сергей Эмильевич,https://www.labirint.ru/books/325626/,
Городской монах,Шоджай Педрам,https://www.labirint.ru/books/631588/,
И Будда - не беда!,Лютый Алексей,https://www.labirint.ru/books/678530/,
Искусство быть счастливым,Далай-Лама,https://www.labirint.ru/books/893215/,890.0
Милость Учителя,Шри Шиварудра Балайоги Махарадж,https://www.labirint.ru/books/554154/,455.0
Будда слушает,Коган Татьяна Васильевна,https://www.labirint.ru/books/630921/,
"Тибетская книга мертвых. Книга Великого Освобождения, составленная гуру Падмасамбхавой",,https://www.labirint.ru/books/521898/,
Асанга Компендиум Абхидхармы,Асанга,https://www.labirint.ru/books/964345/,2.291
Джатаки. Избранные рассказы о прошлых рождениях,Парибок Андрей Всеволодович,https://www.labirint.ru/books/874331/,
Исцеляющая сила медитации,,https://www.labirint.ru/books/520091/,
Тибетская книга мертвых,,https://www.labirint.ru/books/627064/,
Золотой век дзэн. Антология классических коанов дзэн эпохи Тан,,https://www.labirint.ru/books/598785/,
Советы от всего сердца,Ринпоче Дуджом,https://www.labirint.ru/books/875227/,1.047
Тибетская книга мертвых. Бардо Тхёдол,,https://www.labirint.ru/books/957330/,488.0
"Буддийская медитация. Благочестивые упражнения, внимательность, транс, мудрость",Конзе Эдвард,https://www.labirint.ru/books/607586/,
"Собаки и дзен. История просветленных спаниелей, которые постигали буддизм",Хедс Гэри,https://www.labirint.ru/books/962460/,587.0
Дзен - квантовый скачок. От ума к не-уму,Раджниш Шри,https://www.labirint.ru/books/567681/,
"Время, пространство и знание. Новое видение реальности",Ринпоче Тарланг Тулку,https://www.labirint.ru/books/728631/,
"Я могу ошибаться. 38 жизнеопределяющих открытий топ-менеджера, ставшего лесным монахом",Линдеблад Бьерн Наттико,https://www.labirint.ru/books/853205/,1.062
Бу-ди-то. Разбуди в себе Сверхсознание,Пустотный,https://www.labirint.ru/books/926163/,
"Книга о медитации. Основы, техника, практика",Ошо Багван Шри Раджниш,https://www.labirint.ru/books/530228/,
"Срединный путь. Комментарий к ""Муламадхьямака-карике"" Нагарджуны",Далай-Лама,https://www.labirint.ru/books/728633/,
Избранные переводы буддийских сутр. Сутра Лотоса Благого учения. Лалитавистара,,https://www.labirint.ru/books/674188/,
"""Уттаратантра"" с комментарием Арья Асанги",Майтрея,https://www.labirint.ru/books/686193/,
Свет ума. Полное руководство по медитации,Куладаса Джон,https://www.labirint.ru/books/716257/,
Драгоценные четки или Высший путь ученика,Двагпо-Лхардже,https://www.labirint.ru/books/567686/,
Укроти в себе тигра. Тибетское учение о совершенствовании повседневной жизни,Ринпоче Аконг Тулку,https://www.labirint.ru/books/368510/,
"Пособие от Вознесенных Учителей. Медитации для расширения сознания, очищения сердца и Души",,https://www.labirint.ru/books/591017/,
Медитация для чайников,Бодиан Стивен,https://www.labirint.ru/books/518970/,
Алмазный Огранщик. Система управления бизнесом и жизнью,Роуч Майкл,https://www.labirint.ru/books/840591/,
Драгоценное украшение Освобождения - Исполняющая желания драгоценность истинного Учения,Гампопа Сенам Ринчен,https://www.labirint.ru/books/648040/,
Буддизм Ваджраяны в России. Исторический дискурс и сопредельные культуры,,https://www.labirint.ru/books/497279/,
"Дада Садананда, Виталий Лейбин. Диалоги о медитации. Русский йогин о практике, психологии и будущем",Садананда Дада,https://www.labirint.ru/books/799538/,1.162
Учителя и посвященные,Айссель Селим,https://www.labirint.ru/books/589848/,
Навстречу смерти. Практические советы и духовная мудрость тибетского буддизма,Холечек Эндрю,https://www.labirint.ru/books/516419/,
Бодхисатва Авалокитешвара. История формирования и развития махаянского культа,Поповцев Дмитрий Валентинович,https://www.labirint.ru/books/320702/,
Peace of Mind. Becoming Fully Present,Hanh Thich Nhat,https://www.labirint.ru/books/890048/,3.672
Принц Сиддхартха. История Будды,Ландау Джонатан,https://www.labirint.ru/books/533925/,1.901
Биология и Буддизм. Почему гены против нашего счастья и как философия буддизма решает эту проблему,Бульба Евгений Викторович,https://www.labirint.ru/books/805645/,
Тибетская книга мертвых,,https://www.labirint.ru/books/910684/,
Будда. Истории о перерождениях,,https://www.labirint.ru/books/488593/,
Большая книга восточной мудрости,,https://www.labirint.ru/books/925189/,1.969
Учителя и путь,Ледбитер Чарльз,https://www.labirint.ru/books/586946/,
Быть здесь и сейчас,Дасс Рам,https://www.labirint.ru/books/1013053/,1.969
Я могу ошибаться. Что важнее. Богатство и высокая должность или же душевная свобода?,Линдеблад Бьерн Наттико,https://www.labirint.ru/books/988451/,587.0
"Руководство к ""Словам моего всеблагого учителя""",Кенпо Наванг Палсанг,https://www.labirint.ru/books/390130/,
Улыбка Солнца и Луны,Кхенчен Палден Шераб Ринпоче,https://www.labirint.ru/books/750343/,
Тибетская книга мудрости. Жить уверенно...,Чоинг Зангмо Элисон,https://www.labirint.ru/books/804845/,
Куда бы ты ни шел - ты уже там. Осознанная медитация в повседневной жизни,Кабат-Зинн Джон,https://www.labirint.ru/books/707779/,681.0
Лотосовый сад. Хрестоматия буддийской литературы,,https://www.labirint.ru/books/761212/,
Бардо. Путеводитель по жизни и смерти. Перевод Бориса Гребенщикова,Ринпоче Чокьи Ньима,https://www.labirint.ru/books/1008832/,
Бардо Тхёдол. Тибетская книга мертвых,,https://www.labirint.ru/books/903596/,
"Религии востока. Конфуцианство, буддизм и даосизм (CDmp3)",Васильев Василий Павлович,https://www.labirint.ru/multimedia/446672/,
Тибетская книга мертвых,Тхедол Бардо,https://www.labirint.ru/books/725988/,
Искусство заботы о душе. 100 инсайтов дзен-буддийского монаха о жизни без стресса,Масуно Шунмио,https://www.labirint.ru/books/773358/,890.0
"Медитатор. Жизнь, наполненная блаженством",Премавати,https://www.labirint.ru/books/816482/,
Алмазный Огранщик. Система управления бизнесом и жизнью,Роуч Майкл,https://www.labirint.ru/books/623307/,
"Совершенная мудрость. Комментарий к девятой главе ""Бодхичарья-аватары"" Шантидевы",Далай-Лама,https://www.labirint.ru/books/686191/,
Источник достижений. Блага от чтения ВАДЖРА ГУРУ мантры и объяснение ее слогов,,https://www.labirint.ru/books/728368/,
Культы основных бодхисаттв и их земных воплощений в истории и искусстве буддизма,Елихина Юлия Игоревна,https://www.labirint.ru/books/560206/,
Арья Манджушри Нама Самгити,,https://www.labirint.ru/books/871114/,
Buddhism is Not What You Think. Finding Freedom Beyond Beliefs,Hagen Steve,https://www.labirint.ru/books/931425/,3.571
"Энергии Дзен для самоисцеления, созидания и равновесия. Путь в Страну Мудрости",Аму Мом,https://www.labirint.ru/books/1006167/,
Радостная мудрость. Принятие перемен и обретение свободы,Ринпоче Йонге Мингьюр,https://www.labirint.ru/books/470592/,
"Воин, идущий к Солнцу. Китай. Реки и горы Бодхидхармы. Книга II. ""Горы Дзэн""",Зафар Мир,https://www.labirint.ru/books/530159/,
Свет мудрости. Том 2,Падмасамбхава,https://www.labirint.ru/books/479654/,
Будь проще. Беседы о дзен-буддизме. Часть 1,Ошо Багван Шри Раджниш,https://www.labirint.ru/books/257582/,
Медитации Дао на каждый день. Дао в повседневной жизни,Денг Минг Дао,https://www.labirint.ru/books/587969/,
Сравнительное богословие. Учебное пособие. Книга 6,,https://www.labirint.ru/books/643640/,
Тибетская Книга мертвых,,https://www.labirint.ru/books/990838/,
Тибетская книга мертвых. Бардо Тхедол,,https://www.labirint.ru/books/972289/,
Сокращенное руководство к этапам пути Пробуждения (Средний Ламрим),Цонкапа Чже,https://www.labirint.ru/books/686192/,
Мой путь,Далай-Лама,https://www.labirint.ru/books/507317/,715.0
150 дней в настоящем. Медитации на каждый день,Ван Линь,https://www.labirint.ru/books/804949/,1.343
Водой торгуя у реки. Руководство по дзэнской практике,Кеннет Дзию,https://www.labirint.ru/books/95448/,
Будда слушает,Коган Татьяна Васильевна,https://www.labirint.ru/books/661406/,
Бусидо,Цунэтомо Ямамото,https://www.labirint.ru/books/959780/,
"Введение в источниковедение буддизма. Индия, Тибет, Монголия",Харькова Елена Юрьевна,https://www.labirint.ru/books/706728/,661.0
"Кристалл и путь света. Сутра, Тантра и Дзогчен",Чогьял Намкай Норбу,https://www.labirint.ru/books/354885/,
Беседы о пустоте. По материалам курса лекций,Терентьев Андрей Анатольевич,https://www.labirint.ru/books/853909/,
Практика медитации. Потянуть веревку в правильном направлении,Ча Аджан,https://www.labirint.ru/books/532478/,
Бумажный посох,Сундаков Виталий Владимирович,https://www.labirint.ru/books/819168/,
"Вспышка молнии во мраке ночи. Краткий комментарий к ""Бодхичарья-аватаре"" Шантидевы",Далай-Лама,https://www.labirint.ru/books/686180/,
Тибетская Книга мертвых,,https://www.labirint.ru/books/833976/,
"Гармоничный ум, гармоничное тело. Болезнь ветра. Истории и советы от практикующих тибетский буддизм",Ринпоче Сопа,https://www.labirint.ru/books/809892/,
Обуздание ума,Кристал Филлис,https://www.labirint.ru/books/586463/,
За пределами безумия. Опыт шести бардо,Трунгпа Чогьям,https://www.labirint.ru/books/927090/,1.135
Управляй своим миром,Мипам Сакьонг,https://www.labirint.ru/books/447908/,
Просветлённый бродяга. Жизнь и учения Патрула Ринпоче,Рикар Матье,https://www.labirint.ru/books/756976/,1.727
Бусидо,Дайдодзи Юдзан,https://www.labirint.ru/books/659270/,
Драгоценная сокровищница Естественного состояния,Лонгчен Рабджам,https://www.labirint.ru/books/538830/,733.0
Боо и Бон. Древние шаманские традиции Сибири и Тибета в их отношении к учениям центр. будды. Книга 1,Ермаков Дмитрий Эдуардович,https://www.labirint.ru/books/852510/,
Радикальное принятие. Как исцелить психологическую травму и посмотреть на свою жизнь взглядом Будды,Брах Тара,https://www.labirint.ru/books/641366/,1.098
"Религии Востока. Конфуцианство, буддизм и даосизм",Васильев В.,https://www.labirint.ru/books/860897/,
Тибетская книга мертвых,Турман Роберт,https://www.labirint.ru/books/724738/,
Книга самурая. Будосёсинсю. Хагакурэ. Письма мастера дзэн фехтования. Книга пяти колец,Дайдодзи Юдзан,https://www.labirint.ru/books/563008/,
Мудрость Алмазного Огранщика. Солнечный свет на пути к свободе,Роуч Майкл,https://www.labirint.ru/books/774422/,
Практика радости. Осознанность в повседневной жизни. Комплект из 2-х книг,Тит Нат Хан,https://www.labirint.ru/books/634473/,
"К психологии пробуждения. Буддизм, психотерапия и путь личностной и духовной трансформации",Уэлвуд Джон,https://www.labirint.ru/books/938740/,1.57
"Нет Эго, нет проблем. Что буддисты знали о мозге раньше всех ученых",Нибауэр Крис,https://www.labirint.ru/books/806928/,890.0
"Тибетская книга мудрости. Жить уверенно, принимать смерть достойно",Ринпоче Аньен,https://www.labirint.ru/books/803412/,
"Путь в Страну Мудрости. Энергии Дзен для самоисцеления, созидания и равновесия",Аму Мом,https://www.labirint.ru/books/1006944/,
Учение о пробуждении. Очерк буддийской аскезы,Эвола Юлиус,https://www.labirint.ru/books/516429/,3.515
Искусство быть счастливым,Далай-Лама,https://www.labirint.ru/books/604668/,
Учение чань и дзэн. Алтарная сутра Шестого патриарха,Лу Куань Юй,https://www.labirint.ru/books/690565/,
"Семь практик просветления. Программа достижения спокойствия, доброты и мудрости",Хансон Рик,https://www.labirint.ru/books/804741/,
Тропа мудрости. Сиддхартха,Гессе Герман,https://www.labirint.ru/books/586938/,
Уроки медитации. Практическое пособие,Лонг Барри,https://www.labirint.ru/books/603477/,
Священная книга Востока. Сутта-Нипата,,https://www.labirint.ru/books/1012339/,
Дхарамсала. Тибетские хроники,Одели Бертран,https://www.labirint.ru/books/209540/,398.0
Улыбнись страху. Пробуждение истинного сердца отваги,Ринпоче Чогьям Трунгпа,https://www.labirint.ru/books/615916/,
Просветленные не ходят на работу,Гор Олег,https://www.labirint.ru/books/560909/,
"Работа, секс, деньги. Повседневная жизнь на пути внимательности",Ринпоче Чогьям Трунгпа,https://www.labirint.ru/books/618910/,1.348
Тибетская Книга мертвых,,https://www.labirint.ru/books/987596/,
Карманный справочник по биологии для 6-11 классов,Билич Габриэль Лазаревич,https://www.labirint.ru/books/879606/,781.0
Медитация на восприятии. Десять исцеляющих практик для развития внимательности,Гунаратана Бханте Хенепола,https://www.labirint.ru/books/575205/,1.035
Мемуары монаха. Если бы правда была рассказана,Свами Ом,https://www.labirint.ru/books/984230/,999.0
Драгоценный светильник. Хвала бодхичитте,Кхуну Лама Ринпоче,https://www.labirint.ru/books/686184/,
Кулак Будды. Древ вьетнамское боевое искусство. Там Куи Кхи-конг,Тхиен Зуен,https://www.labirint.ru/books/588565/,312.0
Абсолютное исцеление. Духовное целительство в тибетском буддизме,Сопа Ринпоче Лама,https://www.labirint.ru/books/471670/,1.073
"Тайный Тибет. Обычаи, верования и магические ритуалы буддийских монахов и лам",Марайни Фоско,https://www.labirint.ru/books/1018533/,
На одном дыхании. Самоучитель по медитации в современном мире,Тит Нат Хан,https://www.labirint.ru/books/952572/,808.0
Белый огонь. Духовные Откровения и Указатели Мастера Адвайты,Муджи,https://www.labirint.ru/books/780878/,
Счастье быть собой. Философия. Практика. Опыт,Мата Сати,https://www.labirint.ru/books/567710/,
Мудрость дзэн. Сто историй пробуждения,,https://www.labirint.ru/books/337318/,348.0
"Тантрические медитации. Техника, методы, путь",Шри Раджниш,https://www.labirint.ru/books/535534/,
Джатаки. Книга 1 Eka-nipata,,https://www.labirint.ru/books/768436/,
Мир дзэн,,https://www.labirint.ru/books/148666/,
Буддийский Храм в Санкт-Петербурге,Андреев Александр Иванович,https://www.labirint.ru/books/761207/,
"Далай-лама. Ступени созерцания. Комментарий к трактату Камалашилы ""Бхаванакрама""",Далай-Лама,https://www.labirint.ru/books/686181/,
"Тибетская ""Книга Мертвых"". Бардо Тхедол",,https://www.labirint.ru/books/528847/,
Шедевры восточной мудрости,,https://www.labirint.ru/books/853163/,293.0
Жизнь среди гималайских йогов. Духовные опыты Свами Рамы,Рама Свами,https://www.labirint.ru/books/942783/,613.0
Великие религии Востока,Беттани Джордж Томас,https://www.labirint.ru/books/950876/,1.813
Между Ницше и Буддой,Цендровский Олег Юрьевич,https://www.labirint.ru/books/930487/,
Осознанность и плюшевый мишка. Вопросы и ответы по укрощению твоего дикого ума,Брахм Аджан,https://www.labirint.ru/books/936676/,1.332
Why Buddhism Is True. The Science and Philosophy of Meditation and Enlightenment,Wright Robert,https://www.labirint.ru/books/967291/,2.814
Боо и Бон. Древние шаманские традиции Сибири и Тибета. Книга 1,Ермаков Дмитрий Эдуардович,https://www.labirint.ru/books/982945/,
Бесстрашный львиный рык,Ньошул Кхенпо Джамьянг Дордже,https://www.labirint.ru/books/949178/,1.412
Драгоценная сокровищница устных наставлений,Лонгчен Рабджам,https://www.labirint.ru/books/656170/,1.57
Тибетская книга мертвых,,https://www.labirint.ru/books/983963/,
Книга о великом сиддха-йогине Свами Брахмананда Шри Шива Прабхакара,,https://www.labirint.ru/books/586395/,
Смерть - это мастер. Послание за пределами слов,Ошо Багван Шри Раджниш,https://www.labirint.ru/books/533727/,
Buddhist Art of Tibet. In Milarepa’s Footsteps,,https://www.labirint.ru/books/1007929/,9.466
Политика доброты,Далай-Лама,https://www.labirint.ru/books/513111/,
Тибетские практики борьбы со стрессом,Шамбху Алексей,https://www.labirint.ru/books/852153/,
Anger. Buddhist Wisdom for Cooling the Flames,Hanh Thich Nhat,https://www.labirint.ru/books/890089/,4.842
