category,name,photos,url
sword,a_woman_sitting_on_the_floor_with_a_large_knife_in_her_hand,/photos_01/a_woman_sitting_on_the_floor_with_a_large_knife_in_her_hand-fc5893e733d080e84e2e21c52059840bb46627c6.jpg,https://plus.unsplash.com/premium_photo-1713110640802-28de8804e163?q=80&w=6000&auto=format&fit=crop&ixlib=rb-4.0.3&ixid=M3wxMjA3fDB8MHxwaG90by1wYWdlfHx8fGVufDB8fHx8fA%3D%3D
sword,a_close_up_of_a_person_in_a_uniform_holding_a_sword,/photos_01/a_close_up_of_a_person_in_a_uniform_holding_a_sword-1999a04d6514c3cee2c3e44b86639272eabee480.jpg,https://images.unsplash.com/photo-1704288416681-55ed7f9506ca?q=80&w=4032&auto=format&fit=crop&ixlib=rb-4.0.3&ixid=M3wxMjA3fDB8MHxwaG90by1wYWdlfHx8fGVufDB8fHx8fA%3D%3D
sword,a_woman_holding_a_sword_in_a_dark_room,/photos_01/a_woman_holding_a_sword_in_a_dark_room-a78aabae74bbe3675d46212286a05d8ac8775145.jpg,https://images.unsplash.com/photo-1710101894464-09653d04388e?q=80&w=3264&auto=format&fit=crop&ixlib=rb-4.0.3&ixid=M3wxMjA3fDB8MHxwaG90by1wYWdlfHx8fGVufDB8fHx8fA%3D%3D
sword,a_woman_dressed_in_armor_holding_a_sword,/photos_01/a_woman_dressed_in_armor_holding_a_sword-ef4ea3f24c6dfd30fc6533e36a07d7d4bde637ab.jpg,https://images.unsplash.com/photo-1686747513617-ccd391daa3e2?q=80&w=3456&auto=format&fit=crop&ixlib=rb-4.0.3&ixid=M3wxMjA3fDB8MHxwaG90by1wYWdlfHx8fGVufDB8fHx8fA%3D%3D
sword,"Brave_warrior_holding_sword_near_historical_wood_castle_building_in_winter_woods_in_Scandinavia,_handsome_viking_with_mohawk_posing_with_weapon_before_battle,_fantasy_cosplay_concept","/photos_01/Brave_warrior_holding_sword_near_historical_wood_castle_building_in_winter_woods_in_Scandinavia,_handsome_viking_with_mohawk_posing_with_weapon_before_battle,_fantasy_cosplay_concept-fd05f9861f00f18b760d981be8bebb5cfee3d5f9.jpg",https://plus.unsplash.com/premium_photo-1661319029301-207ecfac040b?q=80&w=5563&auto=format&fit=crop&ixlib=rb-4.0.3&ixid=M3wxMjA3fDB8MHxwaG90by1wYWdlfHx8fGVufDB8fHx8fA%3D%3D
sword,a_close_up_of_a_leather_belt_with_rivets,/photos_01/a_close_up_of_a_leather_belt_with_rivets-33e3b79fd7bba897a3d3add7e4dc37e8a41472a8.jpg,https://plus.unsplash.com/premium_photo-1698170370603-62f83e96d04e?q=80&w=3501&auto=format&fit=crop&ixlib=rb-4.0.3&ixid=M3wxMjA3fDB8MHxwaG90by1wYWdlfHx8fGVufDB8fHx8fA%3D%3D
sword,a_man_sitting_in_a_chair_with_a_cat_on_his_lap,/photos_01/a_man_sitting_in_a_chair_with_a_cat_on_his_lap-99765508164bda8c46eb797e4c2a19f7b8b8520a.jpg,https://plus.unsplash.com/premium_photo-1698170370107-67a958f50f64?q=80&w=6115&auto=format&fit=crop&ixlib=rb-4.0.3&ixid=M3wxMjA3fDB8MHxwaG90by1wYWdlfHx8fGVufDB8fHx8fA%3D%3D
sword,a_woman_kneeling_down_with_a_sword_in_her_hand,/photos_01/a_woman_kneeling_down_with_a_sword_in_her_hand-b85484bda67c905fdc2b6a3c901e9909b331f062.jpg,https://images.unsplash.com/photo-1697715744014-7ab37c005ba5?q=80&w=4932&auto=format&fit=crop&ixlib=rb-4.0.3&ixid=M3wxMjA3fDB8MHxwaG90by1wYWdlfHx8fGVufDB8fHx8fA%3D%3D
sword,a_hand_with_a_ring_on_it_holding_a_sword,/photos_01/a_hand_with_a_ring_on_it_holding_a_sword-9ff5329e3a79017c51c79ed837996796346d2807.jpg,https://plus.unsplash.com/premium_photo-1695811846556-b9ecc8669ea6?q=80&w=4160&auto=format&fit=crop&ixlib=rb-4.0.3&ixid=M3wxMjA3fDB8MHxwaG90by1wYWdlfHx8fGVufDB8fHx8fA%3D%3D
sword,a_woman_in_a_black_outfit_holding_a_sword,/photos_01/a_woman_in_a_black_outfit_holding_a_sword-1d91c7688756e2fa5de5df736d1599b49833c192.jpg,https://images.unsplash.com/photo-1697715744009-609af4c130ad?q=80&w=4836&auto=format&fit=crop&ixlib=rb-4.0.3&ixid=M3wxMjA3fDB8MHxwaG90by1wYWdlfHx8fGVufDB8fHx8fA%3D%3D
sword,a_woman_dressed_in_medieval_clothing_is_walking_up_a_hill,/photos_01/a_woman_dressed_in_medieval_clothing_is_walking_up_a_hill-92a06d8fb814a8d706e88e45396355da8d3c07fc.jpg,https://images.unsplash.com/photo-1686747519565-a58b865f2961?q=80&w=3456&auto=format&fit=crop&ixlib=rb-4.0.3&ixid=M3wxMjA3fDB8MHxwaG90by1wYWdlfHx8fGVufDB8fHx8fA%3D%3D
sword,a_woman_in_a_purple_dress_holding_a_sword,/photos_01/a_woman_in_a_purple_dress_holding_a_sword-7f8faf0c82fb0e3d6f5a5851930ff80b8cfa696b.jpg,https://images.unsplash.com/photo-1700234272529-67e9128df160?q=80&w=3082&auto=format&fit=crop&ixlib=rb-4.0.3&ixid=M3wxMjA3fDB8MHxwaG90by1wYWdlfHx8fGVufDB8fHx8fA%3D%3D
sword,a_woman_with_white_hair_holding_a_sword,/photos_01/a_woman_with_white_hair_holding_a_sword-740bc1ded1a93ba821dc8239db0d144fe271eabe.jpg,https://images.unsplash.com/photo-1697715841367-62fbb3fe1683?q=80&w=3648&auto=format&fit=crop&ixlib=rb-4.0.3&ixid=M3wxMjA3fDB8MHxwaG90by1wYWdlfHx8fGVufDB8fHx8fA%3D%3D
sword,a_close_up_of_a_metal_object_on_a_table,/photos_01/a_close_up_of_a_metal_object_on_a_table-0523975a967f7b5c5f48aab1b0211f4f12411801.jpg,https://images.unsplash.com/photo-1711725637816-b0755c582c86?q=80&w=5184&auto=format&fit=crop&ixlib=rb-4.0.3&ixid=M3wxMjA3fDB8MHxwaG90by1wYWdlfHx8fGVufDB8fHx8fA%3D%3D
sword,gray_steel_sword_on_ground_during_daytime,/photos_01/gray_steel_sword_on_ground_during_daytime-0faef33332a17b5c56c9002c814fcd70ec4c54b9.jpg,https://images.unsplash.com/photo-1440711085503-89d8ec455791?q=80&w=4753&auto=format&fit=crop&ixlib=rb-4.0.3&ixid=M3wxMjA3fDB8MHxwaG90by1wYWdlfHx8fGVufDB8fHx8fA%3D%3D
sword,a_close_up_of_a_pair_of_gloves_on_a_bench,/photos_01/a_close_up_of_a_pair_of_gloves_on_a_bench-f77f8cca824c00086d7729c6062b4fbc6182eaa4.jpg,https://images.unsplash.com/photo-1717436426477-8704ef28540d?q=80&w=3933&auto=format&fit=crop&ixlib=rb-4.0.3&ixid=M3wxMjA3fDB8MHxwaG90by1wYWdlfHx8fGVufDB8fHx8fA%3D%3D
sword,a_table_topped_with_lots_of_different_types_of_tools,/photos_01/a_table_topped_with_lots_of_different_types_of_tools-26d558cbfee6778cc7903f3a1f1a10d69b98a5cd.jpg,https://images.unsplash.com/photo-1717436429831-7cd3b1e2b3da?q=80&w=6791&auto=format&fit=crop&ixlib=rb-4.0.3&ixid=M3wxMjA3fDB8MHxwaG90by1wYWdlfHx8fGVufDB8fHx8fA%3D%3D
sword,a_person_holding_a_knife_in_their_hand,/photos_01/a_person_holding_a_knife_in_their_hand-6363e38709f8d60f56b1002429306548e6ef9e09.jpg,https://images.unsplash.com/photo-1717568008314-ac8a706c382c?q=80&w=6253&auto=format&fit=crop&ixlib=rb-4.0.3&ixid=M3wxMjA3fDB8MHxwaG90by1wYWdlfHx8fGVufDB8fHx8fA%3D%3D
sword,a_row_of_different_types_of_tools_on_a_wooden_fence,/photos_01/a_row_of_different_types_of_tools_on_a_wooden_fence-af6ef6d5157398da389193c075442fde67e5bf8b.jpg,https://images.unsplash.com/photo-1717436426528-1d7fe52162b0?q=80&w=5933&auto=format&fit=crop&ixlib=rb-4.0.3&ixid=M3wxMjA3fDB8MHxwaG90by1wYWdlfHx8fGVufDB8fHx8fA%3D%3D
sword,person_in_brown_jacket_holding_black_round_metal,/photos_01/person_in_brown_jacket_holding_black_round_metal-515172648ebe6150ee9906d8c2a3e8cdbc523ab6.jpg,https://images.unsplash.com/photo-1613477757024-fb6d3fd3c0a9?q=80&w=4480&auto=format&fit=crop&ixlib=rb-4.0.3&ixid=M3wxMjA3fDB8MHxwaG90by1wYWdlfHx8fGVufDB8fHx8fA%3D%3D
